eid,fname,lname,email
1,_Bryan,_HEWITT,_Bryan.hewitt@gmail.com
2,Benjamin,MEYER,Benjamin.meyer@plopblx.com
3,Terry,DOYLE,Terry.doyle@yahoo.com
4,Angela,PATTERSON,Angela.patterson@drizzle.com
5,Kevin,CALHOUN,Kevin.calhoun@gmail.com
6,Mary,TERRELL,Mary.terrell@FaceSmosh.com
7,Randy,HOOD,Randy.hood@thryft.com
8,Stephanie,WASHINGTON,Stephanie.washington@xyz.com
9,Roger,MARSHALL,Roger.marshall@spam.com
10,Jeremy,BURGESS,Jeremy.burgess@spam.com
11,Heather,KENNEDY,Heather.kennedy@spam.com
12,Roy,GILLIAM,Roy.gilliam@dapple.com
13,Anna,COBB,Anna.cobb@dapple.com
14,Judith,RHODES,Judith.rhodes@baser.com
15,Russell,COPELAND,Russell.copeland@kuber.com
16,Amanda,GRAHAM,Amanda.graham@xyz.com
17,Tyler,SIMON,Tyler.simon@FaceSmosh.com
18,Benjamin,MCGOWAN,Benjamin.mcgowan@plopblx.com
19,Nancy,GAINES,Nancy.gaines@FaceSmosh.com
20,Danielle,CHRISTENSEN,Danielle.christensen@plopblx.com
21,Judith,JOSEPH,Judith.joseph@kuber.com
22,Joyce,WALTON,Joyce.walton@kuber.com
23,Kyle,WOODWARD,Kyle.woodward@thryft.com
24,Jason,SAWYER,Jason.sawyer@dapple.com
25,Jerry,TANNER,Jerry.tanner@dapple.com
26,Nancy,WEISS,Nancy.weiss@drizzle.com
27,Nicole,CRAFT,Nicole.craft@yahoo.com
28,Frances,CLEVELAND,Frances.cleveland@yahoo.com
29,Maria,BULLOCK,Maria.bullock@FaceSmosh.com
30,Janet,MORRISON,Janet.morrison@spam.com
31,Kyle,DEJESUS,Kyle.dejesus@thryft.com
32,Dylan,WATSON,Dylan.watson@kuber.com
33,Aaron,DAUGHERTY,Aaron.daugherty@yahoo.com
34,Helen,HORN,Helen.horn@baser.com
35,Keith,SIMMONS,Keith.simmons@dapple.com
36,Jacqueline,FERRELL,Jacqueline.ferrell@xyz.com
37,Paul,LAMB,Paul.lamb@drizzle.com
38,Terry,CRUZ,Terry.cruz@yahoo.com
39,Madison,PETTY,Madison.petty@spam.com
40,Alan,WILLIS,Alan.willis@yahoo.com
41,Jean,LEWIS,Jean.lewis@spam.com
42,Abigail,FERNANDEZ,Abigail.fernandez@FaceSmosh.com
43,Lisa,LOWERY,Lisa.lowery@kuber.com
44,Amber,DAY,Amber.day@spam.com
45,Brandon,SHORT,Brandon.short@drizzle.com
46,Brandon,JAMES,Brandon.james@xyz.com
47,Carol,BRENNAN,Carol.brennan@drizzle.com
48,Barbara,ROWLAND,Barbara.rowland@drizzle.com
49,Jean,CAMPOS,Jean.campos@spam.com
50,Johnny,STEVENS,Johnny.stevens@xyz.com
51,Sharon,DOYLE,Sharon.doyle@kuber.com
52,Gregory,HYDE,Gregory.hyde@plopblx.com
53,Teresa,CHEN,Teresa.chen@drizzle.com
54,Melissa,LLOYD,Melissa.lloyd@thryft.com
55,Anthony,ENGLISH,Anthony.english@plopblx.com
56,Jeffrey,VALENZUELA,Jeffrey.valenzuela@spam.com
57,Amanda,SIMON,Amanda.simon@FaceSmosh.com
58,Frances,MCDOWELL,Frances.mcdowell@kuber.com
59,Lauren,BERRY,Lauren.berry@drizzle.com
60,Rachel,MANNING,Rachel.manning@gmail.com
61,Aaron,WEST,Aaron.west@gmail.com
62,Brenda,LUNA,Brenda.luna@plopblx.com
63,Samantha,CONWAY,Samantha.conway@xyz.com
64,Anthony,LANDRY,Anthony.landry@FaceSmosh.com
65,Christopher,GILBERT,Christopher.gilbert@dapple.com
66,Keith,AYERS,Keith.ayers@plopblx.com
67,Randy,SPEARS,Randy.spears@dapple.com
68,Tyler,SHORT,Tyler.short@dapple.com
69,Albert,GAINES,Albert.gaines@kuber.com
70,Jack,WARREN,Jack.warren@thryft.com
71,Samuel,OSBORNE,Samuel.osborne@drizzle.com
72,James,STEIN,James.stein@spam.com
73,Jesse,BRAY,Jesse.bray@drizzle.com
74,Maria,GREENE,Maria.greene@FaceSmosh.com
75,Rose,SIMS,Rose.sims@thryft.com
76,Samuel,HOWE,Samuel.howe@thryft.com
77,Virginia,MONTGOMERY,Virginia.montgomery@thryft.com
78,Jason,CLAY,Jason.clay@spam.com
79,Peter,WIGGINS,Peter.wiggins@kuber.com
80,Vincent,WAGNER,Vincent.wagner@thryft.com
81,Olivia,ELLISON,Olivia.ellison@xyz.com
82,Noah,NAVARRO,Noah.navarro@drizzle.com
83,Cheryl,ASHLEY,Cheryl.ashley@drizzle.com
84,Heather,BRYAN,Heather.bryan@yahoo.com
85,Jonathan,FIGUEROA,Jonathan.figueroa@kuber.com
86,Charles,FERGUSON,Charles.ferguson@gmail.com
87,Helen,VELEZ,Helen.velez@FaceSmosh.com
88,Amy,CHAN,Amy.chan@thryft.com
89,Amber,ROBINSON,Amber.robinson@baser.com
90,Emily,SWANSON,Emily.swanson@thryft.com
91,Johnny,NEWMAN,Johnny.newman@drizzle.com
92,Harold,FISHER,Harold.fisher@gmail.com
93,Emily,AYERS,Emily.ayers@kuber.com
94,David,EATON,David.eaton@baser.com
95,Gregory,GARDNER,Gregory.gardner@xyz.com
96,Anthony,RIDDLE,Anthony.riddle@thryft.com
97,Ruth,HOLLAND,Ruth.holland@gmail.com
98,Heather,THOMPSON,Heather.thompson@FaceSmosh.com
99,Olivia,SANDERS,Olivia.sanders@dapple.com
100,Joan,CARR,Joan.carr@kuber.com
101,Christina,CARNEY,Christina.carney@dapple.com
102,Stephen,LEWIS,Stephen.lewis@xyz.com
103,Jesse,WATSON,Jesse.watson@FaceSmosh.com
104,Jordan,BRADFORD,Jordan.bradford@kuber.com
105,Grace,MELENDEZ,Grace.melendez@yahoo.com
106,Margaret,LYONS,Margaret.lyons@plopblx.com
107,Lisa,DUFFY,Lisa.duffy@yahoo.com
108,Jeffrey,ALSTON,Jeffrey.alston@gmail.com
109,Johnny,WITT,Johnny.witt@thryft.com
110,Jose,STEIN,Jose.stein@baser.com
111,Adam,NELSON,Adam.nelson@spam.com
112,Jerry,BARRETT,Jerry.barrett@yahoo.com
113,Johnny,SHAW,Johnny.shaw@FaceSmosh.com
114,Benjamin,BARR,Benjamin.barr@FaceSmosh.com
115,Rachel,HEATH,Rachel.heath@yahoo.com
116,Ruth,HOLMAN,Ruth.holman@drizzle.com
117,Patrick,JEFFERSON,Patrick.jefferson@thryft.com
118,Diana,RATLIFF,Diana.ratliff@spam.com
119,Eugene,CAMERON,Eugene.cameron@kuber.com
120,Joan,GRAHAM,Joan.graham@gmail.com
121,Jose,WILKINS,Jose.wilkins@gmail.com
122,Samantha,HANSEN,Samantha.hansen@gmail.com
123,Carolyn,NEWMAN,Carolyn.newman@kuber.com
124,Gary,MORSE,Gary.morse@thryft.com
125,Sarah,HORNE,Sarah.horne@thryft.com
126,Patricia,ORR,Patricia.orr@FaceSmosh.com
127,Jose,DELANEY,Jose.delaney@dapple.com
128,Stephen,KING,Stephen.king@yahoo.com
129,Jerry,BERGER,Jerry.berger@gmail.com
130,Linda,DONALDSON,Linda.donaldson@thryft.com
131,Cynthia,PRICE,Cynthia.price@spam.com
132,Sara,HALL,Sara.hall@xyz.com
133,Bryan,ALVARADO,Bryan.alvarado@kuber.com
134,Emily,WIGGINS,Emily.wiggins@drizzle.com
135,Vincent,BOWMAN,Vincent.bowman@drizzle.com
136,Roger,BUCHANAN,Roger.buchanan@baser.com
137,Olivia,HENSLEY,Olivia.hensley@FaceSmosh.com
138,Frances,DOMINGUEZ,Frances.dominguez@kuber.com
139,Doris,PICKETT,Doris.pickett@FaceSmosh.com
140,Adam,WALLACE,Adam.wallace@xyz.com
141,Judy,CAMPBELL,Judy.campbell@drizzle.com
142,Jordan,TRUJILLO,Jordan.trujillo@FaceSmosh.com
143,Keith,REYNOLDS,Keith.reynolds@drizzle.com
144,Barbara,CHRISTENSEN,Barbara.christensen@yahoo.com
145,Jonathan,KEY,Jonathan.key@FaceSmosh.com
146,Julie,FUENTES,Julie.fuentes@dapple.com
147,Ronald,STAFFORD,Ronald.stafford@gmail.com
148,Rose,MILLER,Rose.miller@baser.com
149,Kathryn,FITZPATRICK,Kathryn.fitzpatrick@drizzle.com
150,Lawrence,FOLEY,Lawrence.foley@drizzle.com
151,Gabriel,GREGORY,Gabriel.gregory@dapple.com
152,Michelle,ONEAL,Michelle.oneal@thryft.com
153,Gabriel,DAWSON,Gabriel.dawson@spam.com
154,Grace,HINTON,Grace.hinton@drizzle.com
155,Kevin,TOWNSEND,Kevin.townsend@spam.com
156,Jessica,WARD,Jessica.ward@dapple.com
157,Jeremy,GOODWIN,Jeremy.goodwin@dapple.com
158,Roger,TRAVIS,Roger.travis@yahoo.com
159,Helen,BARBER,Helen.barber@drizzle.com
160,Barbara,VELAZQUEZ,Barbara.velazquez@dapple.com
161,Logan,QUINN,Logan.quinn@gmail.com
162,Randy,HUNT,Randy.hunt@drizzle.com
163,Ann,HURLEY,Ann.hurley@plopblx.com
164,Philip,KNOWLES,Philip.knowles@kuber.com
165,Maria,MCLEOD,Maria.mcleod@thryft.com
166,Alice,EATON,Alice.eaton@FaceSmosh.com
167,Teresa,MCGUIRE,Teresa.mcguire@xyz.com
168,Brittany,PARSONS,Brittany.parsons@gmail.com
169,Beverly,WILLIAMSON,Beverly.williamson@baser.com
170,Adam,KERR,Adam.kerr@dapple.com
171,Jerry,FOX,Jerry.fox@gmail.com
172,Vincent,HERMAN,Vincent.herman@gmail.com
173,Ruth,FORD,Ruth.ford@plopblx.com
174,Bobby,REID,Bobby.reid@FaceSmosh.com
175,Alice,HORNE,Alice.horne@gmail.com
176,John,GILES,John.giles@gmail.com
177,Joseph,WAGNER,Joseph.wagner@drizzle.com
178,Gerald,ROBBINS,Gerald.robbins@thryft.com
179,Roy,DENNIS,Roy.dennis@gmail.com
180,Samuel,KENT,Samuel.kent@xyz.com
181,Roy,WELCH,Roy.welch@xyz.com
182,Frances,MCCARTY,Frances.mccarty@gmail.com
183,Karen,SAUNDERS,Karen.saunders@dapple.com
184,Amanda,THORNTON,Amanda.thornton@baser.com
185,Gabriel,BLACKWELL,Gabriel.blackwell@drizzle.com
186,Gabriel,GIBSON,Gabriel.gibson@drizzle.com
187,Jacqueline,SHAW,Jacqueline.shaw@dapple.com
188,Lawrence,TREVINO,Lawrence.trevino@plopblx.com
189,Raymond,NOEL,Raymond.noel@xyz.com
190,Nathan,CRAIG,Nathan.craig@dapple.com
191,Deborah,CANTU,Deborah.cantu@spam.com
192,Wayne,PATRICK,Wayne.patrick@FaceSmosh.com
193,Sarah,JAMES,Sarah.james@xyz.com
194,Ralph,ELLISON,Ralph.ellison@yahoo.com
195,Ruth,PARKER,Ruth.parker@FaceSmosh.com
196,Sophia,COOLEY,Sophia.cooley@FaceSmosh.com
197,Virginia,SALAS,Virginia.salas@dapple.com
198,Eugene,ZIMMERMAN,Eugene.zimmerman@yahoo.com
199,Amanda,MACDONALD,Amanda.macdonald@spam.com
200,Anna,COLLIER,Anna.collier@spam.com
201,Noah,ALLEN,Noah.allen@thryft.com
202,Nathan,BERGER,Nathan.berger@xyz.com
203,Brittany,WEBER,Brittany.weber@baser.com
204,Kenneth,MOSS,Kenneth.moss@dapple.com
205,Karen,MCKAY,Karen.mckay@spam.com
206,Brian,BUCKNER,Brian.buckner@drizzle.com
207,Andrea,PACE,Andrea.pace@thryft.com
208,Walter,MILLER,Walter.miller@spam.com
209,Nicole,FIGUEROA,Nicole.figueroa@thryft.com
210,Jacob,WOLF,Jacob.wolf@dapple.com
211,Hannah,MASON,Hannah.mason@dapple.com
212,Andrew,STARK,Andrew.stark@plopblx.com
213,Roger,DAVIDSON,Roger.davidson@spam.com
214,Donna,GUZMAN,Donna.guzman@spam.com
215,Margaret,HUMPHREY,Margaret.humphrey@plopblx.com
216,Walter,CARROLL,Walter.carroll@yahoo.com
217,Gloria,VASQUEZ,Gloria.vasquez@yahoo.com
218,Kyle,MCCORMICK,Kyle.mccormick@xyz.com
219,Bruce,LAMB,Bruce.lamb@xyz.com
220,Zachary,SWANSON,Zachary.swanson@baser.com
221,Ann,FRANKS,Ann.franks@plopblx.com
222,Nancy,OLSON,Nancy.olson@xyz.com
223,Ralph,PERRY,Ralph.perry@kuber.com
224,Julie,ROMERO,Julie.romero@spam.com
225,Johnny,MADDOX,Johnny.maddox@baser.com
226,William,SALAZAR,William.salazar@gmail.com
227,Kimberly,KEMP,Kimberly.kemp@spam.com
228,Arthur,LYNN,Arthur.lynn@spam.com
229,Denise,KEY,Denise.key@baser.com
230,Jane,EDWARDS,Jane.edwards@thryft.com
231,Martha,WEAVER,Martha.weaver@yahoo.com
232,Randy,MORENO,Randy.moreno@FaceSmosh.com
233,Kyle,WELLS,Kyle.wells@FaceSmosh.com
234,Jack,GUZMAN,Jack.guzman@gmail.com
235,Juan,REESE,Juan.reese@kuber.com
236,Abigail,CARSON,Abigail.carson@gmail.com
237,Carl,STEWART,Carl.stewart@dapple.com
238,Margaret,BARNES,Margaret.barnes@kuber.com
239,Melissa,HALEY,Melissa.haley@kuber.com
240,Michelle,OLSEN,Michelle.olsen@spam.com
241,Christina,MCDONALD,Christina.mcdonald@baser.com
242,Michael,VELAZQUEZ,Michael.velazquez@kuber.com
243,Brandon,GILL,Brandon.gill@baser.com
244,Shirley,ODONNELL,Shirley.odonnell@yahoo.com
245,Heather,WADE,Heather.wade@spam.com
246,Scott,WALTERS,Scott.walters@kuber.com
247,Henry,CANTRELL,Henry.cantrell@FaceSmosh.com
248,Judith,BURCH,Judith.burch@xyz.com
249,Catherine,CARROLL,Catherine.carroll@gmail.com
250,John,MERRILL,John.merrill@kuber.com
251,Joan,PUCKETT,Joan.puckett@gmail.com
252,Christine,HICKS,Christine.hicks@baser.com
253,Russell,TRAN,Russell.tran@FaceSmosh.com
254,Grace,JUSTICE,Grace.justice@thryft.com
255,Marilyn,BAUER,Marilyn.bauer@xyz.com
256,Danielle,WALLS,Danielle.walls@gmail.com
257,Frank,SYKES,Frank.sykes@plopblx.com
258,Jeffrey,MCCULLOUGH,Jeffrey.mccullough@thryft.com
259,Brandon,FIELDS,Brandon.fields@plopblx.com
260,Martha,MORALES,Martha.morales@FaceSmosh.com
261,Catherine,MOON,Catherine.moon@thryft.com
262,Betty,PEARSON,Betty.pearson@drizzle.com
263,Abigail,LITTLE,Abigail.little@gmail.com
264,Jean,GILLESPIE,Jean.gillespie@drizzle.com
265,Zachary,FROST,Zachary.frost@yahoo.com
266,Martha,LANE,Martha.lane@thryft.com
267,Bruce,LAWSON,Bruce.lawson@plopblx.com
268,George,HENSLEY,George.hensley@yahoo.com
269,George,PEARSON,George.pearson@gmail.com
270,Jane,BRADFORD,Jane.bradford@plopblx.com
271,Judith,WILKINS,Judith.wilkins@drizzle.com
272,Janet,WATSON,Janet.watson@dapple.com
273,Lisa,BEAN,Lisa.bean@thryft.com
274,Virginia,SULLIVAN,Virginia.sullivan@xyz.com
275,Lori,HAMPTON,Lori.hampton@kuber.com
276,Amanda,ANTHONY,Amanda.anthony@gmail.com
277,Donald,HORTON,Donald.horton@xyz.com
278,Benjamin,CRUZ,Benjamin.cruz@dapple.com
279,Cynthia,INGRAM,Cynthia.ingram@kuber.com
280,William,BRADLEY,William.bradley@drizzle.com
281,Jonathan,CARRILLO,Jonathan.carrillo@FaceSmosh.com
282,Daniel,BOLTON,Daniel.bolton@thryft.com
283,Joe,AYALA,Joe.ayala@kuber.com
284,Kelly,RICE,Kelly.rice@baser.com
285,Kelly,RANDALL,Kelly.randall@spam.com
286,Natalie,TOWNSEND,Natalie.townsend@thryft.com
287,Christopher,DANIEL,Christopher.daniel@baser.com
288,Kimberly,CROSS,Kimberly.cross@yahoo.com
289,Ronald,BAIRD,Ronald.baird@thryft.com
290,Anna,VELEZ,Anna.velez@xyz.com
291,Willie,JOYCE,Willie.joyce@xyz.com
292,Jonathan,GRIFFITH,Jonathan.griffith@kuber.com
293,Arthur,HUNT,Arthur.hunt@FaceSmosh.com
294,Anthony,WALTER,Anthony.walter@spam.com
295,Cynthia,CALDERON,Cynthia.calderon@plopblx.com
296,Donald,MARSHALL,Donald.marshall@drizzle.com
297,Robert,STOKES,Robert.stokes@baser.com
298,Eric,DUFFY,Eric.duffy@kuber.com
299,Rebecca,MOLINA,Rebecca.molina@yahoo.com
300,Randy,DONALDSON,Randy.donaldson@spam.com
301,Hannah,BRADY,Hannah.brady@drizzle.com
302,Arthur,MILES,Arthur.miles@thryft.com
303,Albert,BERRY,Albert.berry@baser.com
304,Samuel,YOUNG,Samuel.young@dapple.com
305,Philip,BRYAN,Philip.bryan@thryft.com
306,Bruce,ROACH,Bruce.roach@thryft.com
307,Julia,DIAZ,Julia.diaz@xyz.com
308,Alexander,FUENTES,Alexander.fuentes@yahoo.com
309,Jennifer,DUFFY,Jennifer.duffy@drizzle.com
310,Amy,WONG,Amy.wong@xyz.com
311,Gregory,GREGORY,Gregory.gregory@FaceSmosh.com
312,Kathryn,LUCAS,Kathryn.lucas@baser.com
313,Edward,BEST,Edward.best@dapple.com
314,Evelyn,WILLIAM,Evelyn.william@dapple.com
315,Donna,RYAN,Donna.ryan@plopblx.com
316,Jessica,STOUT,Jessica.stout@baser.com
317,Sharon,CONLEY,Sharon.conley@spam.com
318,Joan,SLOAN,Joan.sloan@dapple.com
319,Adam,PALMER,Adam.palmer@kuber.com
320,Alan,BATTLE,Alan.battle@yahoo.com
321,Russell,TATE,Russell.tate@kuber.com
322,Louis,LOPEZ,Louis.lopez@yahoo.com
323,Kenneth,SHIELDS,Kenneth.shields@xyz.com
324,Samuel,KNIGHT,Samuel.knight@kuber.com
325,Jack,CASH,Jack.cash@kuber.com
326,Ashley,WAGNER,Ashley.wagner@yahoo.com
327,Frank,DELANEY,Frank.delaney@baser.com
328,Ralph,CORTEZ,Ralph.cortez@drizzle.com
329,Andrew,CARVER,Andrew.carver@FaceSmosh.com
330,Alexander,VELASQUEZ,Alexander.velasquez@drizzle.com
331,Walter,HICKMAN,Walter.hickman@dapple.com
332,Anna,MILLER,Anna.miller@kuber.com
333,Samuel,ESTRADA,Samuel.estrada@thryft.com
334,Ralph,MERRILL,Ralph.merrill@dapple.com
335,Sandra,HATFIELD,Sandra.hatfield@yahoo.com
336,Thomas,JIMENEZ,Thomas.jimenez@kuber.com
337,Terry,LOVE,Terry.love@thryft.com
338,Diana,RANDOLPH,Diana.randolph@baser.com
339,Christopher,BOWERS,Christopher.bowers@drizzle.com
340,Jerry,BENTLEY,Jerry.bentley@thryft.com
341,Christina,HOLMAN,Christina.holman@spam.com
342,Rose,FRANKS,Rose.franks@plopblx.com
343,Brenda,CANTRELL,Brenda.cantrell@spam.com
344,Timothy,GAY,Timothy.gay@thryft.com
345,Kathryn,IRWIN,Kathryn.irwin@kuber.com
346,Jacob,MITCHELL,Jacob.mitchell@dapple.com
347,Jason,GREENE,Jason.greene@gmail.com
348,Victoria,WILLIS,Victoria.willis@thryft.com
349,Raymond,MENDOZA,Raymond.mendoza@FaceSmosh.com
350,Sandra,ONEIL,Sandra.oneil@thryft.com
351,Robert,JOHNSTON,Robert.johnston@spam.com
352,Patrick,FRY,Patrick.fry@baser.com
353,Vincent,GIBBS,Vincent.gibbs@thryft.com
354,Julie,DOTSON,Julie.dotson@spam.com
355,Natalie,GREEN,Natalie.green@xyz.com
356,Eric,CONWAY,Eric.conway@baser.com
357,Kimberly,COFFEY,Kimberly.coffey@gmail.com
358,Kelly,SOLIS,Kelly.solis@gmail.com
359,Theresa,ROMAN,Theresa.roman@thryft.com
360,Jesse,DICKSON,Jesse.dickson@FaceSmosh.com
361,Grace,HOFFMAN,Grace.hoffman@plopblx.com
362,Jerry,ADAMS,Jerry.adams@kuber.com
363,Deborah,DODSON,Deborah.dodson@yahoo.com
364,Johnny,ESTES,Johnny.estes@plopblx.com
365,Maria,SNYDER,Maria.snyder@dapple.com
366,Debra,SULLIVAN,Debra.sullivan@FaceSmosh.com
367,Wayne,BAKER,Wayne.baker@gmail.com
368,Lawrence,GIBBS,Lawrence.gibbs@dapple.com
369,Joan,MORTON,Joan.morton@yahoo.com
370,William,THOMAS,William.thomas@plopblx.com
371,Joseph,DRAKE,Joseph.drake@dapple.com
372,Daniel,WEISS,Daniel.weiss@yahoo.com
373,Lori,HUTCHINSON,Lori.hutchinson@xyz.com
374,Brenda,FLORES,Brenda.flores@gmail.com
375,Kathryn,GUY,Kathryn.guy@spam.com
376,Madison,HAYNES,Madison.haynes@kuber.com
377,Gabriel,REESE,Gabriel.reese@xyz.com
378,Ethan,MURPHY,Ethan.murphy@plopblx.com
379,Michael,VELAZQUEZ,Michael.velazquez@drizzle.com
380,Lawrence,NEAL,Lawrence.neal@drizzle.com
381,Sarah,STEPHENSON,Sarah.stephenson@thryft.com
382,Christopher,MILLER,Christopher.miller@plopblx.com
383,Rebecca,RODRIGUEZ,Rebecca.rodriguez@yahoo.com
384,Robert,TREVINO,Robert.trevino@kuber.com
385,Sara,BURTON,Sara.burton@spam.com
386,Marie,PARKS,Marie.parks@kuber.com
387,Julia,SINGLETON,Julia.singleton@xyz.com
388,Adam,SPENCER,Adam.spencer@FaceSmosh.com
389,Martha,CLARKE,Martha.clarke@baser.com
390,Joan,AYERS,Joan.ayers@gmail.com
391,Michelle,MATHIS,Michelle.mathis@kuber.com
392,Cheryl,MEYERS,Cheryl.meyers@baser.com
393,Cheryl,MCCOY,Cheryl.mccoy@thryft.com
394,Brandon,BAXTER,Brandon.baxter@FaceSmosh.com
395,Albert,SCHNEIDER,Albert.schneider@gmail.com
396,Judy,CAREY,Judy.carey@drizzle.com
397,Philip,CRAFT,Philip.craft@thryft.com
398,Brittany,HARRISON,Brittany.harrison@kuber.com
399,Andrea,BALDWIN,Andrea.baldwin@baser.com
400,Billy,VANCE,Billy.vance@gmail.com
401,Albert,CUNNINGHAM,Albert.cunningham@dapple.com
402,Peter,TREVINO,Peter.trevino@gmail.com
403,Bobby,ARMSTRONG,Bobby.armstrong@dapple.com
404,Kathryn,AYERS,Kathryn.ayers@thryft.com
405,Andrea,HARRISON,Andrea.harrison@plopblx.com
406,Alexander,SHELTON,Alexander.shelton@plopblx.com
407,Larry,RASMUSSEN,Larry.rasmussen@dapple.com
408,Christine,VALENZUELA,Christine.valenzuela@spam.com
409,Juan,PENA,Juan.pena@drizzle.com
410,Terry,JOYCE,Terry.joyce@xyz.com
411,Stephen,HOLDEN,Stephen.holden@yahoo.com
412,Bradley,COBB,Bradley.cobb@thryft.com
413,Ruth,RICHARD,Ruth.richard@plopblx.com
414,Jack,HODGE,Jack.hodge@FaceSmosh.com
415,Christina,WINTERS,Christina.winters@xyz.com
416,Hannah,GARRETT,Hannah.garrett@spam.com
417,Grace,MONTOYA,Grace.montoya@thryft.com
418,Elizabeth,ODONNELL,Elizabeth.odonnell@baser.com
419,Helen,SOSA,Helen.sosa@dapple.com
420,Heather,HULL,Heather.hull@gmail.com
421,Keith,TORRES,Keith.torres@spam.com
422,Scott,WOLFE,Scott.wolfe@plopblx.com
423,Alexis,WARNER,Alexis.warner@spam.com
424,Eugene,SHIELDS,Eugene.shields@FaceSmosh.com
425,Albert,COMBS,Albert.combs@gmail.com
426,Joe,WALLS,Joe.walls@plopblx.com
427,Charles,LEWIS,Charles.lewis@FaceSmosh.com
428,Bradley,VELASQUEZ,Bradley.velasquez@gmail.com
429,Lawrence,COLEMAN,Lawrence.coleman@baser.com
430,Cheryl,SIMON,Cheryl.simon@spam.com
431,Rose,TORRES,Rose.torres@kuber.com
432,Olivia,BRAY,Olivia.bray@FaceSmosh.com
433,Judith,TYSON,Judith.tyson@gmail.com
434,Anna,TILLMAN,Anna.tillman@gmail.com
435,Debra,SIMON,Debra.simon@spam.com
436,Nathan,KELLY,Nathan.kelly@dapple.com
437,Evelyn,JEFFERSON,Evelyn.jefferson@gmail.com
438,Terry,GILES,Terry.giles@baser.com
439,Lawrence,MCKAY,Lawrence.mckay@FaceSmosh.com
440,Jeffrey,ONEIL,Jeffrey.oneil@baser.com
441,Judy,FREDERICK,Judy.frederick@gmail.com
442,Sara,TODD,Sara.todd@spam.com
443,Rose,MCGOWAN,Rose.mcgowan@baser.com
444,John,MOON,John.moon@dapple.com
445,Joseph,KRAMER,Joseph.kramer@thryft.com
446,Peter,FLETCHER,Peter.fletcher@yahoo.com
447,Amber,SANFORD,Amber.sanford@xyz.com
448,Dennis,PUGH,Dennis.pugh@drizzle.com
449,Bryan,HICKS,Bryan.hicks@kuber.com
450,Alan,LEONARD,Alan.leonard@drizzle.com
451,Elizabeth,HAHN,Elizabeth.hahn@xyz.com
452,Rose,JONES,Rose.jones@baser.com
453,Sara,MCKENZIE,Sara.mckenzie@xyz.com
454,Anthony,MARTIN,Anthony.martin@kuber.com
455,Patrick,ROWE,Patrick.rowe@thryft.com
456,Gregory,DALTON,Gregory.dalton@xyz.com
457,Denise,HAYDEN,Denise.hayden@xyz.com
458,Jerry,GRIFFIN,Jerry.griffin@drizzle.com
459,Henry,VILLARREAL,Henry.villarreal@kuber.com
460,Wayne,FINCH,Wayne.finch@FaceSmosh.com
461,Dorothy,LEONARD,Dorothy.leonard@dapple.com
462,Janet,MORRIS,Janet.morris@plopblx.com
463,Jessica,LAWRENCE,Jessica.lawrence@baser.com
464,Andrea,LEVY,Andrea.levy@dapple.com
465,Janice,HILL,Janice.hill@kuber.com
466,Evelyn,LARA,Evelyn.lara@gmail.com
467,Steven,COLLINS,Steven.collins@kuber.com
468,Linda,CROSBY,Linda.crosby@kuber.com
469,Ralph,HERRERA,Ralph.herrera@kuber.com
470,Hannah,MCGOWAN,Hannah.mcgowan@gmail.com
471,Patricia,SANTIAGO,Patricia.santiago@dapple.com
472,Angela,HUBBARD,Angela.hubbard@gmail.com
473,Betty,CAMPOS,Betty.campos@thryft.com
474,Thomas,DOUGLAS,Thomas.douglas@gmail.com
475,Brandon,BEAN,Brandon.bean@drizzle.com
476,Sharon,ELLIS,Sharon.ellis@thryft.com
477,Adam,NOLAN,Adam.nolan@gmail.com
478,Keith,FOX,Keith.fox@spam.com
479,Teresa,SAWYER,Teresa.sawyer@spam.com
480,Evelyn,AVERY,Evelyn.avery@baser.com
481,Benjamin,PENNINGTON,Benjamin.pennington@kuber.com
482,Keith,MULLINS,Keith.mullins@spam.com
483,Gregory,FOLEY,Gregory.foley@baser.com
484,Nicole,RICHARD,Nicole.richard@gmail.com
485,Thomas,PATTON,Thomas.patton@spam.com
486,Sarah,GEORGE,Sarah.george@yahoo.com
487,Daniel,PENA,Daniel.pena@xyz.com
488,Janet,WOODARD,Janet.woodard@thryft.com
489,Karen,DICKSON,Karen.dickson@gmail.com
490,Jacob,DILLARD,Jacob.dillard@plopblx.com
491,Albert,DUDLEY,Albert.dudley@plopblx.com
492,Joe,CLEVELAND,Joe.cleveland@kuber.com
493,Bobby,MCINTOSH,Bobby.mcintosh@FaceSmosh.com
494,Steven,SLATER,Steven.slater@drizzle.com
495,Theresa,CASEY,Theresa.casey@gmail.com
496,Philip,SCHULTZ,Philip.schultz@gmail.com
497,Michelle,CARTER,Michelle.carter@dapple.com
498,Michael,MCCALL,Michael.mccall@kuber.com
499,Lisa,ROWE,Lisa.rowe@dapple.com
500,Judy,RATLIFF,Judy.ratliff@dapple.com
501,Stephen,BURRIS,Stephen.burris@baser.com
502,Wayne,CLAYTON,Wayne.clayton@thryft.com
503,Jeffrey,HATFIELD,Jeffrey.hatfield@spam.com
504,Emily,JARVIS,Emily.jarvis@yahoo.com
505,Vincent,PETERS,Vincent.peters@xyz.com
506,Eugene,ZAMORA,Eugene.zamora@drizzle.com
507,Michelle,OCHOA,Michelle.ochoa@kuber.com
508,Jose,GUERRA,Jose.guerra@spam.com
509,Scott,BURKE,Scott.burke@FaceSmosh.com
510,Daniel,BASS,Daniel.bass@yahoo.com
511,Jean,ROSE,Jean.rose@spam.com
512,Anthony,AVILA,Anthony.avila@baser.com
513,Donald,MACDONALD,Donald.macdonald@kuber.com
514,Maria,OWEN,Maria.owen@gmail.com
515,Gerald,REEVES,Gerald.reeves@dapple.com
516,Roger,HENDERSON,Roger.henderson@xyz.com
517,Frank,ARMSTRONG,Frank.armstrong@spam.com
518,James,MELENDEZ,James.melendez@plopblx.com
519,Jack,HANEY,Jack.haney@dapple.com
520,Olivia,GARCIA,Olivia.garcia@xyz.com
521,Judy,MORRISON,Judy.morrison@plopblx.com
522,Julia,HUTCHINSON,Julia.hutchinson@gmail.com
523,Joshua,WILLIAMS,Joshua.williams@drizzle.com
524,Peter,HERNANDEZ,Peter.hernandez@dapple.com
525,Bobby,HARDIN,Bobby.hardin@xyz.com
526,Raymond,MELTON,Raymond.melton@yahoo.com
527,Gregory,MEJIA,Gregory.mejia@drizzle.com
528,Jean,CHEN,Jean.chen@yahoo.com
529,Dylan,BERNARD,Dylan.bernard@plopblx.com
530,Adam,VANCE,Adam.vance@thryft.com
531,Stephanie,HYDE,Stephanie.hyde@yahoo.com
532,Virginia,ALLEN,Virginia.allen@spam.com
533,Christopher,DONALDSON,Christopher.donaldson@baser.com
534,Daniel,ADAMS,Daniel.adams@xyz.com
535,Jeremy,COOPER,Jeremy.cooper@xyz.com
536,Christina,CROSBY,Christina.crosby@kuber.com
537,Roy,GOOD,Roy.good@gmail.com
538,Abigail,ROBERSON,Abigail.roberson@kuber.com
539,Katherine,WITT,Katherine.witt@thryft.com
540,Christopher,CHAN,Christopher.chan@FaceSmosh.com
541,Kenneth,CURRY,Kenneth.curry@dapple.com
542,Arthur,ROSALES,Arthur.rosales@drizzle.com
543,Juan,WALSH,Juan.walsh@FaceSmosh.com
544,Brandon,COOK,Brandon.cook@yahoo.com
545,William,HUTCHINSON,William.hutchinson@plopblx.com
546,Kathleen,DENNIS,Kathleen.dennis@drizzle.com
547,Justin,REESE,Justin.reese@dapple.com
548,Angela,CLARK,Angela.clark@dapple.com
549,Thomas,FUENTES,Thomas.fuentes@baser.com
550,Deborah,FRAZIER,Deborah.frazier@yahoo.com
551,Pamela,GRAVES,Pamela.graves@plopblx.com
552,Johnny,MCCLAIN,Johnny.mcclain@dapple.com
553,Walter,ABBOTT,Walter.abbott@gmail.com
554,Joe,SMALL,Joe.small@xyz.com
555,Justin,ALVAREZ,Justin.alvarez@gmail.com
556,Billy,LLOYD,Billy.lloyd@spam.com
557,Catherine,BERNARD,Catherine.bernard@gmail.com
558,Raymond,GILLESPIE,Raymond.gillespie@baser.com
559,Heather,DUNCAN,Heather.duncan@FaceSmosh.com
560,Olivia,FOWLER,Olivia.fowler@thryft.com
561,Bobby,FUENTES,Bobby.fuentes@FaceSmosh.com
562,Lauren,KIRKLAND,Lauren.kirkland@kuber.com
563,Ronald,BRADSHAW,Ronald.bradshaw@drizzle.com
564,Nicholas,BOLTON,Nicholas.bolton@FaceSmosh.com
565,Austin,STONE,Austin.stone@kuber.com
566,Denise,GIBSON,Denise.gibson@baser.com
567,James,LEON,James.leon@spam.com
568,Eugene,CARROLL,Eugene.carroll@drizzle.com
569,Kathleen,IRWIN,Kathleen.irwin@plopblx.com
570,Lori,VINSON,Lori.vinson@thryft.com
571,Scott,DUDLEY,Scott.dudley@dapple.com
572,Justin,COHEN,Justin.cohen@xyz.com
573,Teresa,EWING,Teresa.ewing@dapple.com
574,Peter,HUFFMAN,Peter.huffman@gmail.com
575,Jason,BOYER,Jason.boyer@plopblx.com
576,Jerry,HARRIS,Jerry.harris@thryft.com
577,Johnny,GARRISON,Johnny.garrison@xyz.com
578,Victoria,BOONE,Victoria.boone@yahoo.com
579,Karen,LANE,Karen.lane@plopblx.com
580,Henry,WALSH,Henry.walsh@xyz.com
581,Lisa,CANTRELL,Lisa.cantrell@xyz.com
582,David,CABRERA,David.cabrera@spam.com
583,Margaret,BLACKBURN,Margaret.blackburn@thryft.com
584,Russell,RICHMOND,Russell.richmond@thryft.com
585,Aaron,HOLCOMB,Aaron.holcomb@xyz.com
586,Larry,CHAPMAN,Larry.chapman@dapple.com
587,Dylan,ELLIOTT,Dylan.elliott@dapple.com
588,Brenda,SHEPPARD,Brenda.sheppard@yahoo.com
589,Hannah,JARVIS,Hannah.jarvis@kuber.com
590,Kenneth,KOCH,Kenneth.koch@xyz.com
591,Scott,SLATER,Scott.slater@yahoo.com
592,Melissa,MERCER,Melissa.mercer@kuber.com
593,Roger,LYNN,Roger.lynn@drizzle.com
594,Margaret,RODRIGUEZ,Margaret.rodriguez@gmail.com
595,Jordan,HORN,Jordan.horn@thryft.com
596,Peter,NELSON,Peter.nelson@yahoo.com
597,Marie,MURRAY,Marie.murray@kuber.com
598,Diana,NORTON,Diana.norton@spam.com
599,Teresa,BRIGHT,Teresa.bright@plopblx.com
600,Alexander,MORTON,Alexander.morton@xyz.com
601,Denise,BECKER,Denise.becker@gmail.com
602,Laura,BRADLEY,Laura.bradley@FaceSmosh.com
603,Sarah,VAUGHAN,Sarah.vaughan@thryft.com
604,Nancy,ROBERTSON,Nancy.robertson@kuber.com
605,Christian,DEAN,Christian.dean@FaceSmosh.com
606,Emily,MUNOZ,Emily.munoz@spam.com
607,Danielle,BRAY,Danielle.bray@spam.com
608,Raymond,CROSBY,Raymond.crosby@spam.com
609,Nancy,SUAREZ,Nancy.suarez@thryft.com
610,Betty,CHAVEZ,Betty.chavez@xyz.com
611,Scott,DAVID,Scott.david@drizzle.com
612,Adam,CARVER,Adam.carver@dapple.com
613,Steven,MENDEZ,Steven.mendez@gmail.com
614,Tyler,TANNER,Tyler.tanner@dapple.com
615,Eric,FRY,Eric.fry@spam.com
616,Helen,RAY,Helen.ray@FaceSmosh.com
617,Teresa,PECK,Teresa.peck@kuber.com
618,Jacqueline,GROSS,Jacqueline.gross@drizzle.com
619,Jane,PITTS,Jane.pitts@yahoo.com
620,Amy,KEITH,Amy.keith@gmail.com
621,Alexander,SNIDER,Alexander.snider@baser.com
622,Ashley,CHURCH,Ashley.church@spam.com
623,Samantha,LAMBERT,Samantha.lambert@yahoo.com
624,Albert,VALENZUELA,Albert.valenzuela@xyz.com
625,Joyce,THOMPSON,Joyce.thompson@drizzle.com
626,Albert,BROOKS,Albert.brooks@FaceSmosh.com
627,Rebecca,ROBBINS,Rebecca.robbins@drizzle.com
628,Stephen,HOBBS,Stephen.hobbs@drizzle.com
629,Gregory,POWELL,Gregory.powell@thryft.com
630,Harold,BURNS,Harold.burns@xyz.com
631,Rachel,BLACKWELL,Rachel.blackwell@xyz.com
632,Melissa,BOYER,Melissa.boyer@plopblx.com
633,Anthony,MCMILLAN,Anthony.mcmillan@spam.com
634,Kevin,DODSON,Kevin.dodson@plopblx.com
635,Austin,DUKE,Austin.duke@thryft.com
636,Brenda,HENDRIX,Brenda.hendrix@xyz.com
637,Teresa,BAUER,Teresa.bauer@yahoo.com
638,Hannah,HODGE,Hannah.hodge@dapple.com
639,Jennifer,SCHNEIDER,Jennifer.schneider@xyz.com
640,Lori,SEXTON,Lori.sexton@yahoo.com
641,Judy,ERICKSON,Judy.erickson@xyz.com
642,Nancy,GOMEZ,Nancy.gomez@spam.com
643,Billy,WITT,Billy.witt@plopblx.com
644,Henry,ALVAREZ,Henry.alvarez@dapple.com
645,Carl,MUELLER,Carl.mueller@spam.com
646,Stephen,WHITAKER,Stephen.whitaker@FaceSmosh.com
647,Samuel,ALEXANDER,Samuel.alexander@plopblx.com
648,Madison,KELLEY,Madison.kelley@drizzle.com
649,Nancy,CARSON,Nancy.carson@kuber.com
650,Teresa,CARNEY,Teresa.carney@kuber.com
651,Russell,RIOS,Russell.rios@xyz.com
652,Kimberly,ELLIOTT,Kimberly.elliott@gmail.com
653,Evelyn,CHANEY,Evelyn.chaney@dapple.com
654,Catherine,VELASQUEZ,Catherine.velasquez@yahoo.com
655,Brenda,ROY,Brenda.roy@xyz.com
656,Bryan,CRANE,Bryan.crane@gmail.com
657,Carolyn,RAYMOND,Carolyn.raymond@thryft.com
658,Karen,SHARP,Karen.sharp@plopblx.com
659,Billy,TAYLOR,Billy.taylor@kuber.com
660,Grace,BATES,Grace.bates@thryft.com
661,Peter,RYAN,Peter.ryan@yahoo.com
662,Kenneth,CRAIG,Kenneth.craig@yahoo.com
663,Christina,RHODES,Christina.rhodes@plopblx.com
664,Arthur,NOBLE,Arthur.noble@spam.com
665,Ethan,CARROLL,Ethan.carroll@dapple.com
666,Dorothy,MELENDEZ,Dorothy.melendez@kuber.com
667,Hannah,HERNANDEZ,Hannah.hernandez@kuber.com
668,Russell,HORNE,Russell.horne@plopblx.com
669,Donna,TILLMAN,Donna.tillman@gmail.com
670,Alexis,HOOPER,Alexis.hooper@yahoo.com
671,Jose,HOLDER,Jose.holder@plopblx.com
672,Aaron,ONEILL,Aaron.oneill@thryft.com
673,Vincent,BALL,Vincent.ball@yahoo.com
674,Vincent,CHEN,Vincent.chen@gmail.com
675,Evelyn,ROWLAND,Evelyn.rowland@kuber.com
676,Olivia,SYKES,Olivia.sykes@gmail.com
677,Jane,BLACKBURN,Jane.blackburn@plopblx.com
678,Nicholas,WALTER,Nicholas.walter@xyz.com
679,Jeremy,KNIGHT,Jeremy.knight@kuber.com
680,Christopher,BALLARD,Christopher.ballard@plopblx.com
681,Eugene,GILL,Eugene.gill@yahoo.com
682,Bradley,MILLS,Bradley.mills@kuber.com
683,Ryan,JOHNSTON,Ryan.johnston@FaceSmosh.com
684,Ethan,MILES,Ethan.miles@drizzle.com
685,Julie,MOSS,Julie.moss@gmail.com
686,Laura,RICHARD,Laura.richard@thryft.com
687,Samuel,GOFF,Samuel.goff@plopblx.com
688,Sophia,HANEY,Sophia.haney@drizzle.com
689,Philip,CHASE,Philip.chase@xyz.com
690,Dylan,BRADSHAW,Dylan.bradshaw@plopblx.com
691,Joshua,CASTILLO,Joshua.castillo@baser.com
692,Lori,RICE,Lori.rice@plopblx.com
693,Ashley,PATRICK,Ashley.patrick@baser.com
694,Randy,MILES,Randy.miles@gmail.com
695,Carl,WEBSTER,Carl.webster@drizzle.com
696,Bruce,ALSTON,Bruce.alston@kuber.com
697,Rebecca,MCCRAY,Rebecca.mccray@dapple.com
698,James,PRATT,James.pratt@spam.com
699,Kathleen,HERNANDEZ,Kathleen.hernandez@thryft.com
700,Virginia,ACOSTA,Virginia.acosta@xyz.com
701,Frank,BRIGHT,Frank.bright@kuber.com
702,Jose,POWERS,Jose.powers@drizzle.com
703,Barbara,HICKMAN,Barbara.hickman@plopblx.com
704,Barbara,BAIRD,Barbara.baird@xyz.com
705,Benjamin,TUCKER,Benjamin.tucker@plopblx.com
706,Kimberly,HOWARD,Kimberly.howard@dapple.com
707,Michelle,POWERS,Michelle.powers@kuber.com
708,Danielle,HAMPTON,Danielle.hampton@drizzle.com
709,Carol,BOWERS,Carol.bowers@spam.com
710,Roy,HUFF,Roy.huff@drizzle.com
711,Catherine,AGUILAR,Catherine.aguilar@baser.com
712,Alexander,COLLIER,Alexander.collier@yahoo.com
713,Joyce,FOSTER,Joyce.foster@thryft.com
714,Terry,DOTSON,Terry.dotson@kuber.com
715,Jean,MCMILLAN,Jean.mcmillan@thryft.com
716,Willie,KEMP,Willie.kemp@spam.com
717,Sara,HENDRICKS,Sara.hendricks@baser.com
718,Ronald,OLSEN,Ronald.olsen@FaceSmosh.com
719,Bradley,VALENCIA,Bradley.valencia@plopblx.com
720,Daniel,TAYLOR,Daniel.taylor@yahoo.com
721,Gabriel,PARK,Gabriel.park@baser.com
722,Austin,VELASQUEZ,Austin.velasquez@yahoo.com
723,Martha,POWELL,Martha.powell@plopblx.com
724,Brittany,SALAS,Brittany.salas@plopblx.com
725,Olivia,HUMPHREY,Olivia.humphrey@spam.com
726,Deborah,SHERMAN,Deborah.sherman@baser.com
727,Danielle,TRAVIS,Danielle.travis@plopblx.com
728,Randy,KNOX,Randy.knox@spam.com
729,Scott,KIRK,Scott.kirk@plopblx.com
730,Randy,POWERS,Randy.powers@yahoo.com
731,Laura,RANDOLPH,Laura.randolph@spam.com
732,Christopher,BRITT,Christopher.britt@plopblx.com
733,Alan,LESTER,Alan.lester@xyz.com
734,Sophia,BOWMAN,Sophia.bowman@plopblx.com
735,Kyle,HARMON,Kyle.harmon@FaceSmosh.com
736,Mark,PHILLIPS,Mark.phillips@FaceSmosh.com
737,Timothy,HANCOCK,Timothy.hancock@dapple.com
738,Patricia,WASHINGTON,Patricia.washington@kuber.com
739,Eugene,KEITH,Eugene.keith@FaceSmosh.com
740,Eugene,FORD,Eugene.ford@kuber.com
741,Sara,MCKENZIE,Sara.mckenzie@baser.com
742,Steven,HOUSE,Steven.house@spam.com
743,Angela,POOLE,Angela.poole@thryft.com
744,Martha,MATTHEWS,Martha.matthews@yahoo.com
745,Marilyn,FROST,Marilyn.frost@yahoo.com
746,Kevin,REED,Kevin.reed@spam.com
747,Juan,THOMAS,Juan.thomas@yahoo.com
748,Nancy,NIEVES,Nancy.nieves@drizzle.com
749,Virginia,CRAIG,Virginia.craig@plopblx.com
750,Anthony,CARNEY,Anthony.carney@spam.com
751,William,BEACH,William.beach@plopblx.com
752,Brian,LANCASTER,Brian.lancaster@kuber.com
753,Madison,CHEN,Madison.chen@xyz.com
754,Gregory,SPENCER,Gregory.spencer@FaceSmosh.com
755,Ann,SAUNDERS,Ann.saunders@spam.com
756,Victoria,ACEVEDO,Victoria.acevedo@kuber.com
757,Rose,OCHOA,Rose.ochoa@baser.com
758,Daniel,FRYE,Daniel.frye@kuber.com
759,Walter,ALEXANDER,Walter.alexander@FaceSmosh.com
760,Terry,BUCK,Terry.buck@thryft.com
761,Ashley,HEBERT,Ashley.hebert@baser.com
762,George,BOLTON,George.bolton@plopblx.com
763,Russell,WHITEHEAD,Russell.whitehead@FaceSmosh.com
764,Stephen,DEAN,Stephen.dean@plopblx.com
765,Jane,ALVAREZ,Jane.alvarez@thryft.com
766,Bryan,NASH,Bryan.nash@baser.com
767,Jeffrey,MCDONALD,Jeffrey.mcdonald@baser.com
768,Thomas,HORTON,Thomas.horton@FaceSmosh.com
769,Heather,COCHRAN,Heather.cochran@xyz.com
770,Eric,LAMBERT,Eric.lambert@xyz.com
771,Gabriel,JONES,Gabriel.jones@kuber.com
772,Grace,ORR,Grace.orr@drizzle.com
773,Karen,BAXTER,Karen.baxter@FaceSmosh.com
774,Brittany,GENTRY,Brittany.gentry@spam.com
775,Diana,FLOYD,Diana.floyd@gmail.com
776,Timothy,DURHAM,Timothy.durham@baser.com
777,Maria,GILES,Maria.giles@FaceSmosh.com
778,Theresa,HERNANDEZ,Theresa.hernandez@kuber.com
779,Eric,FARLEY,Eric.farley@drizzle.com
780,Julie,CARRILLO,Julie.carrillo@dapple.com
781,Mary,KIRK,Mary.kirk@plopblx.com
782,Andrew,OSBORNE,Andrew.osborne@drizzle.com
783,Christian,MAY,Christian.may@baser.com
784,Justin,HAYNES,Justin.haynes@kuber.com
785,Joshua,FLEMING,Joshua.fleming@baser.com
786,Walter,PETTY,Walter.petty@drizzle.com
787,Bradley,HAWKINS,Bradley.hawkins@gmail.com
788,Theresa,BERGER,Theresa.berger@spam.com
789,Donald,BENNETT,Donald.bennett@kuber.com
790,Ryan,KEITH,Ryan.keith@thryft.com
791,Keith,HUDSON,Keith.hudson@xyz.com
792,Jonathan,FLETCHER,Jonathan.fletcher@dapple.com
793,Lauren,GARZA,Lauren.garza@kuber.com
794,Billy,SIMPSON,Billy.simpson@kuber.com
795,Karen,FRY,Karen.fry@baser.com
796,Linda,MCGEE,Linda.mcgee@thryft.com
797,Karen,KIDD,Karen.kidd@yahoo.com
798,Juan,HOLMES,Juan.holmes@spam.com
799,Randy,HANSON,Randy.hanson@xyz.com
800,Steven,HUTCHINSON,Steven.hutchinson@dapple.com
801,Brandon,WOODARD,Brandon.woodard@baser.com
802,Ralph,DRAKE,Ralph.drake@dapple.com
803,Noah,SELLERS,Noah.sellers@kuber.com
804,Laura,CHAN,Laura.chan@thryft.com
805,Doris,BARRY,Doris.barry@drizzle.com
806,Linda,HOGAN,Linda.hogan@dapple.com
807,Betty,MAXWELL,Betty.maxwell@baser.com
808,Austin,COOKE,Austin.cooke@thryft.com
809,Gabriel,SYKES,Gabriel.sykes@dapple.com
810,Frank,ALBERT,Frank.albert@yahoo.com
811,Linda,VELASQUEZ,Linda.velasquez@kuber.com
812,Judith,MURPHY,Judith.murphy@FaceSmosh.com
813,Alexander,BARNETT,Alexander.barnett@thryft.com
814,Janet,HANEY,Janet.haney@kuber.com
815,Gary,AVILA,Gary.avila@plopblx.com
816,Jason,LAMBERT,Jason.lambert@thryft.com
817,Jason,DUNN,Jason.dunn@kuber.com
818,Alexis,TALLEY,Alexis.talley@gmail.com
819,Anthony,BEASLEY,Anthony.beasley@spam.com
820,Sara,PACHECO,Sara.pacheco@FaceSmosh.com
821,David,GLENN,David.glenn@yahoo.com
822,Scott,BOYER,Scott.boyer@yahoo.com
823,Walter,SHAW,Walter.shaw@FaceSmosh.com
824,Maria,DICKERSON,Maria.dickerson@baser.com
825,Jeremy,BARLOW,Jeremy.barlow@plopblx.com
826,Mary,GRIFFIN,Mary.griffin@yahoo.com
827,Hannah,FRANCIS,Hannah.francis@kuber.com
828,Patricia,ROMERO,Patricia.romero@plopblx.com
829,Katherine,WALLS,Katherine.walls@thryft.com
830,Jesse,CRAWFORD,Jesse.crawford@thryft.com
831,Eric,HORTON,Eric.horton@FaceSmosh.com
832,Margaret,HEBERT,Margaret.hebert@dapple.com
833,Johnny,MURRAY,Johnny.murray@gmail.com
834,Thomas,KEITH,Thomas.keith@spam.com
835,Jean,ROSE,Jean.rose@thryft.com
836,Sharon,DICKSON,Sharon.dickson@dapple.com
837,Gloria,FARRELL,Gloria.farrell@gmail.com
838,Roger,CHANG,Roger.chang@dapple.com
839,Susan,RAMIREZ,Susan.ramirez@kuber.com
840,Cheryl,MEADOWS,Cheryl.meadows@plopblx.com
841,Alexander,COOLEY,Alexander.cooley@xyz.com
842,Sean,ODOM,Sean.odom@dapple.com
843,Tyler,HOBBS,Tyler.hobbs@xyz.com
844,Amanda,COFFEY,Amanda.coffey@plopblx.com
845,Timothy,POPE,Timothy.pope@FaceSmosh.com
846,Wayne,MEYER,Wayne.meyer@yahoo.com
847,Megan,BURT,Megan.burt@thryft.com
848,Julia,FARLEY,Julia.farley@plopblx.com
849,Joseph,COOLEY,Joseph.cooley@plopblx.com
850,Ann,RICHARD,Ann.richard@gmail.com
851,Theresa,MAYO,Theresa.mayo@plopblx.com
852,Larry,DAUGHERTY,Larry.daugherty@kuber.com
853,Jordan,HOFFMAN,Jordan.hoffman@baser.com
854,Anthony,CALLAHAN,Anthony.callahan@baser.com
855,Jacob,GRAY,Jacob.gray@kuber.com
856,Barbara,MCCONNELL,Barbara.mcconnell@gmail.com
857,Mark,WILKINSON,Mark.wilkinson@FaceSmosh.com
858,Jeffrey,MULLEN,Jeffrey.mullen@plopblx.com
859,Theresa,JOYNER,Theresa.joyner@drizzle.com
860,Lisa,SANTOS,Lisa.santos@yahoo.com
861,Timothy,PATTON,Timothy.patton@kuber.com
862,Michelle,HUGHES,Michelle.hughes@thryft.com
863,Brittany,WILLIAMSON,Brittany.williamson@FaceSmosh.com
864,Michelle,COTE,Michelle.cote@thryft.com
865,James,WALSH,James.walsh@FaceSmosh.com
866,Karen,LUNA,Karen.luna@kuber.com
867,Jerry,FUENTES,Jerry.fuentes@gmail.com
868,Joshua,BOLTON,Joshua.bolton@gmail.com
869,Ruth,GATES,Ruth.gates@gmail.com
870,Emily,DOYLE,Emily.doyle@drizzle.com
871,Sharon,HORNE,Sharon.horne@spam.com
872,Catherine,WATKINS,Catherine.watkins@FaceSmosh.com
873,Cheryl,HORN,Cheryl.horn@xyz.com
874,Eric,THOMPSON,Eric.thompson@xyz.com
875,Jacqueline,MASSEY,Jacqueline.massey@baser.com
876,Jose,BASS,Jose.bass@thryft.com
877,Nancy,GOFF,Nancy.goff@dapple.com
878,Benjamin,FREEMAN,Benjamin.freeman@yahoo.com
879,Terry,BLACK,Terry.black@spam.com
880,Janice,BOWMAN,Janice.bowman@plopblx.com
881,Marie,ALVAREZ,Marie.alvarez@FaceSmosh.com
882,Barbara,CASH,Barbara.cash@gmail.com
883,Jason,PENA,Jason.pena@thryft.com
884,Julia,SUTTON,Julia.sutton@baser.com
885,Diane,LOTT,Diane.lott@yahoo.com
886,Karen,CONNER,Karen.conner@xyz.com
887,Kimberly,RAMSEY,Kimberly.ramsey@FaceSmosh.com
888,Deborah,WOOTEN,Deborah.wooten@kuber.com
889,Ann,FOWLER,Ann.fowler@plopblx.com
890,Joyce,SHERMAN,Joyce.sherman@dapple.com
891,Lisa,SUAREZ,Lisa.suarez@dapple.com
892,Elizabeth,HENDRIX,Elizabeth.hendrix@kuber.com
893,Grace,CRAIG,Grace.craig@gmail.com
894,Amber,FERGUSON,Amber.ferguson@thryft.com
895,Brandon,DUKE,Brandon.duke@yahoo.com
896,John,MUNOZ,John.munoz@FaceSmosh.com
897,Anna,CASTRO,Anna.castro@xyz.com
898,Kayla,MEYER,Kayla.meyer@drizzle.com
899,Mary,DICKERSON,Mary.dickerson@gmail.com
900,Grace,BRYANT,Grace.bryant@thryft.com
901,Martha,POPE,Martha.pope@FaceSmosh.com
902,Michael,BRADY,Michael.brady@yahoo.com
903,Cynthia,STAFFORD,Cynthia.stafford@dapple.com
904,Ann,PITTS,Ann.pitts@baser.com
905,Brian,FORBES,Brian.forbes@baser.com
906,Lauren,CASTANEDA,Lauren.castaneda@kuber.com
907,Matthew,ORTIZ,Matthew.ortiz@drizzle.com
908,Debra,NGUYEN,Debra.nguyen@yahoo.com
909,Sandra,JENKINS,Sandra.jenkins@xyz.com
910,Jack,OLSON,Jack.olson@FaceSmosh.com
911,Virginia,COX,Virginia.cox@kuber.com
912,Shirley,BAUER,Shirley.bauer@plopblx.com
913,Jeffrey,BOWMAN,Jeffrey.bowman@xyz.com
914,Sara,FROST,Sara.frost@dapple.com
915,Ronald,BEST,Ronald.best@yahoo.com
916,Theresa,RUSSELL,Theresa.russell@kuber.com
917,Marilyn,SCHWARTZ,Marilyn.schwartz@dapple.com
918,Martha,LANDRY,Martha.landry@xyz.com
919,Austin,LEE,Austin.lee@gmail.com
920,Louis,EDWARDS,Louis.edwards@baser.com
921,Jacob,MORROW,Jacob.morrow@plopblx.com
922,Judith,FORD,Judith.ford@baser.com
923,Justin,HURLEY,Justin.hurley@xyz.com
924,Theresa,BULLOCK,Theresa.bullock@drizzle.com
925,Richard,SALINAS,Richard.salinas@dapple.com
926,Alice,SEXTON,Alice.sexton@baser.com
927,Beverly,FLYNN,Beverly.flynn@thryft.com
928,Stephen,COTTON,Stephen.cotton@drizzle.com
929,Paul,SOLIS,Paul.solis@yahoo.com
930,Sandra,NICHOLS,Sandra.nichols@spam.com
931,John,LAMB,John.lamb@plopblx.com
932,Jesse,MEYER,Jesse.meyer@FaceSmosh.com
933,Michael,WILKINSON,Michael.wilkinson@yahoo.com
934,Dorothy,BURNS,Dorothy.burns@drizzle.com
935,Susan,BRYANT,Susan.bryant@thryft.com
936,Sophia,BRENNAN,Sophia.brennan@thryft.com
937,Elizabeth,HERRERA,Elizabeth.herrera@plopblx.com
938,Eugene,CAREY,Eugene.carey@thryft.com
939,Elizabeth,HOUSTON,Elizabeth.houston@FaceSmosh.com
940,Patricia,BAKER,Patricia.baker@xyz.com
941,Rachel,BARTON,Rachel.barton@baser.com
942,Lauren,HICKMAN,Lauren.hickman@xyz.com
943,Terry,CLAY,Terry.clay@drizzle.com
944,Ronald,ORTIZ,Ronald.ortiz@drizzle.com
945,John,SHIELDS,John.shields@plopblx.com
946,Helen,WALLS,Helen.walls@baser.com
947,Olivia,FAULKNER,Olivia.faulkner@thryft.com
948,Philip,FRYE,Philip.frye@baser.com
949,Abigail,SLATER,Abigail.slater@xyz.com
950,David,LOGAN,David.logan@drizzle.com
951,Brittany,PATE,Brittany.pate@spam.com
952,Joe,FRANCIS,Joe.francis@plopblx.com
953,Patricia,HULL,Patricia.hull@FaceSmosh.com
954,Brandon,DYER,Brandon.dyer@gmail.com
955,Grace,LARSON,Grace.larson@thryft.com
956,Jeffrey,CRAWFORD,Jeffrey.crawford@dapple.com
957,Matthew,MADDOX,Matthew.maddox@xyz.com
958,Walter,COOKE,Walter.cooke@FaceSmosh.com
959,James,GOMEZ,James.gomez@drizzle.com
960,Marie,TANNER,Marie.tanner@plopblx.com
961,Melissa,NOEL,Melissa.noel@FaceSmosh.com
962,Albert,DAVID,Albert.david@baser.com
963,Marilyn,CHAVEZ,Marilyn.chavez@yahoo.com
964,Joshua,DAVENPORT,Joshua.davenport@thryft.com
965,Gerald,DANIEL,Gerald.daniel@drizzle.com
966,Gerald,BRENNAN,Gerald.brennan@FaceSmosh.com
967,Kelly,BARRON,Kelly.barron@kuber.com
968,Janice,PACE,Janice.pace@baser.com
969,Jane,TUCKER,Jane.tucker@gmail.com
970,Evelyn,MAXWELL,Evelyn.maxwell@plopblx.com
971,Adam,LARSON,Adam.larson@drizzle.com
972,Billy,HICKMAN,Billy.hickman@FaceSmosh.com
973,Judith,WOODARD,Judith.woodard@plopblx.com
974,Raymond,GLOVER,Raymond.glover@FaceSmosh.com
975,Julia,HEBERT,Julia.hebert@plopblx.com
976,Samantha,FRANKS,Samantha.franks@xyz.com
977,Natalie,BARBER,Natalie.barber@gmail.com
978,Carl,HOOVER,Carl.hoover@gmail.com
979,Jose,RICHARD,Jose.richard@drizzle.com
980,Randy,WARE,Randy.ware@yahoo.com
981,Janet,ROSALES,Janet.rosales@plopblx.com
982,Tyler,BARRERA,Tyler.barrera@plopblx.com
983,Bobby,MANN,Bobby.mann@plopblx.com
984,Evelyn,MOON,Evelyn.moon@xyz.com
985,Edward,SUAREZ,Edward.suarez@yahoo.com
986,Olivia,GEORGE,Olivia.george@gmail.com
987,Alexander,FIELDS,Alexander.fields@spam.com
988,Jose,BARTLETT,Jose.bartlett@gmail.com
989,Juan,SHAW,Juan.shaw@drizzle.com
990,James,PARK,James.park@spam.com
991,John,VALENTINE,John.valentine@plopblx.com
992,Beverly,REED,Beverly.reed@yahoo.com
993,Brian,ACOSTA,Brian.acosta@dapple.com
994,John,SMITH,John.smith@kuber.com
995,Jason,FOX,Jason.fox@yahoo.com
996,Sara,REEVES,Sara.reeves@gmail.com
997,Jane,SCOTT,Jane.scott@drizzle.com
998,David,VANCE,David.vance@yahoo.com
999,Jack,PITTS,Jack.pitts@baser.com
1000,Judith,STEWART,Judith.stewart@plopblx.com